Muestra,Sigma,Beta,Lambda,Iteraciones,CritParada,CotaError,BitsMantisa,Tiempo
data/X1.txt,2.43133,3.82193,2.15734,20,Absoluto,0.0001,51,400
data/X2.txt,1.00706,4.12953,0.488523,20,Absoluto,0.0001,51,210
data/X3.txt,3.49006,1.37699,1.16812,20,Absoluto,0.0001,51,160
data/X4.txt,2.24169,3.01488,1.85457,20,Absoluto,0.0001,51,70
data/X5.txt,2.0148,2.52393,2.97992,20,Absoluto,0.0001,51,200
data/X6.txt,3.10597,5.37164,1.76416,20,Absoluto,0.0001,51,200
data/X7.txt,0.508851,3.14536,0.967055,20,Absoluto,0.0001,51,80
