Muestra,Iteraciones,Sigma,Beta,Lambda,Tiempo
data/X1.txt,6,2.43129,3.82185,2.15743,240
data/X2.txt,5,1.00707,4.12956,0.488519,100
data/X3.txt,5,3.49011,1.37701,1.16811,80
data/X4.txt,6,2.24167,3.01486,1.85459,40
data/X5.txt,6,2.01478,2.52392,2.97995,120
data/X6.txt,5,3.106,5.37172,1.76411,110
data/X7.txt,5,0.508847,3.14533,0.967074,40
